date,close,volume
2024-01-02,80.63999938964844,81775
2024-01-03,97.19999694824219,75217
2024-01-04,86.27999877929688,27792
2024-01-05,75.95999908447266,28400
2024-01-08,75.0,18350
2024-01-09,90.95999908447266,82933
2024-01-10,88.31999969482422,13125
2024-01-11,82.19999694824219,11758
2024-01-12,84.83999633789062,13858
2024-01-16,76.08000183105469,8008
2024-01-17,66.0,6500
2024-01-18,64.08000183105469,6917
2024-01-19,54.2400016784668,8383
2024-01-22,50.34000015258789,6467
2024-01-23,42.720001220703125,9858
2024-01-24,52.20000076293945,18667
2024-01-25,47.279998779296875,5325
2024-01-26,44.52000045776367,5658
2024-01-29,39.36000061035156,12292
2024-01-30,35.52000045776367,11233
2024-01-31,37.20000076293945,11633
2024-02-01,40.31999969482422,220642
2024-02-02,15.960000038146973,254242
2024-02-05,15.720000267028809,87608
2024-02-06,15.479999542236328,44125
2024-02-07,13.079999923706055,52875
2024-02-08,15.0,51333
2024-02-09,14.399999618530273,17817
2024-02-12,13.4399995803833,25750
2024-02-13,14.039999961853027,27900
2024-02-14,13.920000076293945,14983
2024-02-15,13.920000076293945,13558
2024-02-16,13.920000076293945,12183
2024-02-20,13.800000190734863,15983
2024-02-21,12.960000038146973,37208
2024-02-22,13.319999694824219,30767
2024-02-23,12.479999542236328,16950
2024-02-26,12.600000381469727,13175
2024-02-27,13.079999923706055,9775
2024-02-28,14.520000457763672,28683
2024-02-29,16.139999389648438,64642
2024-03-01,16.079999923706055,52100
2024-03-04,14.15999984741211,25367
2024-03-05,13.859999656677246,18200
2024-03-06,13.5600004196167,7592
2024-03-07,14.279999732971191,17450
2024-03-08,14.399999618530273,12417
2024-03-11,14.880000114440918,39367
2024-03-12,14.760000228881836,12058
2024-03-13,14.760000228881836,29900
2024-03-14,14.399999618530273,8883
2024-03-15,13.5600004196167,14633
2024-03-18,13.319999694824219,15008
2024-03-19,12.960000038146973,7008
2024-03-20,12.960000038146973,7558
2024-03-21,12.960000038146973,8108
2024-03-22,13.920000076293945,61900
2024-03-25,13.319999694824219,19592
2024-03-26,13.319999694824219,8200
2024-03-27,13.079999923706055,11358
2024-03-28,13.199999809265137,6208
2024-04-01,13.079999923706055,18125
2024-04-02,12.84000015258789,18600
2024-04-03,12.84000015258789,8475
2024-04-04,12.84000015258789,17258
2024-04-05,12.359999656677246,10583
2024-04-08,12.119999885559082,4033
2024-04-09,12.119999885559082,5642
2024-04-10,12.01200008392334,4500
2024-04-11,11.543999671936035,9617
2024-04-12,11.052000045776367,6558
2024-04-15,9.359999656677246,20908
2024-04-16,9.720000267028809,7333
2024-04-17,10.223999977111816,12717
2024-04-18,10.5600004196167,3675
2024-04-19,10.54800033569336,14642
2024-04-22,10.631999969482422,6075
2024-04-23,10.54800033569336,3108
2024-04-24,10.4399995803833,1958
2024-04-25,10.079999923706055,4842
2024-04-26,10.5600004196167,725
2024-04-29,10.48799991607666,1783
2024-04-30,11.003999710083008,2892
2024-05-01,12.479999542236328,5175
2024-05-02,13.4399995803833,19358
2024-05-03,11.579999923706055,13883
2024-05-06,10.45199966430664,9958
2024-05-07,10.644000053405762,10175
2024-05-08,10.656000137329102,4392
2024-05-09,10.619999885559082,2100
2024-05-10,9.131999969482422,8450
2024-05-13,9.491999626159668,7617
2024-05-14,9.720000267028809,5417
2024-05-15,9.479999542236328,4167
2024-05-16,9.479999542236328,4692
2024-05-17,9.62399959564209,1408
2024-05-20,9.479999542236328,1592
2024-05-21,9.960000038146973,486025
2024-05-22,9.65999984741211,43733
2024-05-23,9.899999618530273,35600
2024-05-24,9.468000411987305,13225
2024-05-28,8.496000289916992,28317
2024-05-29,8.399999618530273,11292
2024-05-30,8.604000091552734,8508
2024-05-31,8.411999702453613,5217
2024-06-03,8.496000289916992,8875
2024-06-04,8.520000457763672,6342
2024-06-05,8.604000091552734,10692
2024-06-06,8.616000175476074,8258
2024-06-07,8.675999641418457,8958
2024-06-10,8.447999954223633,11808
2024-06-11,8.520000457763672,8375
2024-06-12,8.399999618530273,15200
2024-06-13,8.315999984741211,3075
2024-06-14,7.932000160217285,6175
2024-06-17,8.039999961853027,6333
2024-06-18,6.840000152587891,39533
2024-06-20,7.440000057220459,16008
2024-06-21,6.960000038146973,14433
2024-06-24,7.283999919891357,8633
2024-06-25,7.0320000648498535,69333
2024-06-26,6.76800012588501,20167
2024-06-27,7.007999897003174,10783
2024-06-28,3.8399999141693115,213775
2024-07-01,4.127999782562256,491842
2024-07-02,3.815999984741211,30750
2024-07-03,3.8399999141693115,94425
2024-07-05,4.044000148773193,59983
2024-07-08,4.380000114440918,34808
2024-07-09,4.464000225067139,33933
2024-07-10,7.776000022888184,103400
2024-07-11,5.760000228881836,115075
2024-07-12,5.159999847412109,121633
2024-07-15,4.788000106811523,165683
2024-07-16,4.116000175476074,76267
2024-07-17,4.127999782562256,33133
2024-07-18,4.044000148773193,24617
2024-07-19,4.0320000648498535,20675
2024-07-22,3.9119999408721924,22692
2024-07-23,4.343999862670898,44600
2024-07-24,4.440000057220459,34600
2024-07-25,4.559999942779541,15550
2024-07-26,4.236000061035156,24783
2024-07-29,4.260000228881836,52325
2024-07-30,4.019999980926514,10142
2024-07-31,4.236000061035156,22058
2024-08-01,4.056000232696533,28750
2024-08-02,3.7320001125335693,9133
2024-08-05,3.5399999618530273,23333
2024-08-06,3.696000099182129,23200
2024-08-07,3.252000093460083,62242
2024-08-08,2.8320000171661377,74633
2024-08-09,2.444999933242798,504100
2024-08-12,2.8499999046325684,442200
2024-08-13,2.25,206100
2024-08-14,1.8450000286102295,104500
2024-08-15,4.800000190734863,105319100
2024-08-16,17.690000534057617,100646500
2024-08-19,12.800000190734863,9441300
2024-08-20,13.34000015258789,9972300
2024-08-21,11.0,2470700
2024-08-22,11.34000015258789,1039500
2024-08-23,9.6899995803833,885100
2024-08-26,10.270000457763672,1970300
2024-08-27,9.880000114440918,388900
2024-08-28,8.0,866200
2024-08-29,6.429999828338623,854900
2024-08-30,7.889999866485596,5248700
2024-09-03,7.0,610900
2024-09-04,6.710000038146973,521300
2024-09-05,6.019999980926514,587500
2024-09-06,5.920000076293945,381900
2024-09-09,5.489999771118164,242200
2024-09-10,5.449999809265137,269000
2024-09-11,6.510000228881836,791800
2024-09-12,5.940000057220459,437400
2024-09-13,5.400000095367432,612200
2024-09-16,4.949999809265137,409300
2024-09-17,5.170000076293945,266300
2024-09-18,4.940000057220459,309900
2024-09-19,5.139999866485596,283800
2024-09-20,5.199999809265137,172600
2024-09-23,5.119999885559082,159600
2024-09-24,5.010000228881836,172100
2024-09-25,5.150000095367432,107800
2024-09-26,5.139999866485596,161000
2024-09-27,5.03000020980835,116300
2024-09-30,5.039999961853027,157500
2024-10-01,4.920000076293945,101100
2024-10-02,4.809999942779541,90200
2024-10-03,4.820000171661377,64100
2024-10-04,4.809999942779541,61700
2024-10-07,4.869999885559082,87800
2024-10-08,4.5,150600
2024-10-09,4.340000152587891,213300
2024-10-10,4.449999809265137,84700
2024-10-11,4.840000152587891,197100
2024-10-14,4.510000228881836,144900
2024-10-15,4.449999809265137,82900
2024-10-16,4.400000095367432,104900
2024-10-17,4.489999771118164,29200
2024-10-18,4.590000152587891,50400
2024-10-21,4.920000076293945,111900
2024-10-22,5.190000057220459,120300
2024-10-23,4.670000076293945,95900
2024-10-24,4.630000114440918,48100
2024-10-25,4.369999885559082,92200
2024-10-28,4.340000152587891,85900
2024-10-29,4.389999866485596,65300
2024-10-30,4.260000228881836,106100
2024-10-31,4.039999961853027,103200
2024-11-01,3.8499999046325684,66400
2024-11-04,3.8299999237060547,43900
2024-11-05,3.6500000953674316,66900
2024-11-06,3.359999895095825,117800
2024-11-07,3.440000057220459,1531100
2024-11-08,3.4700000286102295,138100
2024-11-11,4.519999980926514,522800
2024-11-12,4.170000076293945,417600
2024-11-13,4.329999923706055,221900
2024-11-14,4.21999979019165,103800
2024-11-15,4.199999809265137,53600
2024-11-18,4.019999980926514,55500
2024-11-19,4.099999904632568,27500
2024-11-20,4.480000019073486,445900
2024-11-21,4.650000095367432,99200
2024-11-22,4.71999979019165,135700
2024-11-25,4.699999809265137,89300
2024-11-26,4.360000133514404,63700
2024-11-27,4.199999809265137,240500
2024-11-29,4.360000133514404,61100
2024-12-02,4.300000190734863,51800
2024-12-03,4.170000076293945,59400
2024-12-04,4.230000019073486,84000
2024-12-05,4.159999847412109,62600
2024-12-06,4.28000020980835,64500
2024-12-09,4.329999923706055,44900
2024-12-10,4.329999923706055,55000
2024-12-11,4.28000020980835,32900
2024-12-12,4.21999979019165,26500
2024-12-13,4.210000038146973,36800
2024-12-16,4.03000020980835,89000
2024-12-17,4.070000171661377,67800
2024-12-18,4.099999904632568,50300
2024-12-19,4.099999904632568,62400
2024-12-20,4.099999904632568,84600
2024-12-23,4.760000228881836,265800
2024-12-24,4.860000133514404,149500
2024-12-26,4.820000171661377,97100
2024-12-27,4.78000020980835,78300
2024-12-30,4.980000019073486,129800
2024-12-31,4.929999828338623,155500
2025-01-02,5.099999904632568,202500
2025-01-03,5.050000190734863,147200
2025-01-06,4.96999979019165,96000
2025-01-07,4.699999809265137,1717000
2025-01-08,4.309999942779541,194700
2025-01-10,4.809999942779541,355900
2025-01-13,4.630000114440918,108300
2025-01-14,4.619999885559082,31200
2025-01-15,4.71999979019165,153200
2025-01-16,4.980000019073486,173600
2025-01-17,4.760000228881836,70400
2025-01-21,4.820000171661377,179200
2025-01-22,5.03000020980835,160900
2025-01-23,5.099999904632568,65700
2025-01-24,5.079999923706055,88700
2025-01-27,4.849999904632568,138300
2025-01-28,5.0,89700
2025-01-29,4.739999771118164,254500
2025-01-30,4.550000190734863,287700
2025-01-31,4.550000190734863,164000
2025-02-03,4.519999980926514,95500
2025-02-04,4.559999942779541,49900
2025-02-05,4.730000019073486,63800
2025-02-06,4.670000076293945,229500
2025-02-07,4.46999979019165,82500
2025-02-10,4.360000133514404,77200
2025-02-11,4.570000171661377,54500
2025-02-12,4.519999980926514,73900
2025-02-13,4.340000152587891,102300
2025-02-14,4.510000228881836,102800
2025-02-18,4.320000171661377,134300
2025-02-19,4.224999904632568,143000
2025-02-20,4.230000019073486,48900
2025-02-21,4.269999980926514,77300
2025-02-24,4.179999828338623,87200
2025-02-25,4.139999866485596,146300
2025-02-26,4.28000020980835,80100
2025-02-27,4.21999979019165,82700
2025-02-28,4.119999885559082,130400
2025-03-03,3.950000047683716,88000
2025-03-04,3.8499999046325684,216200
2025-03-05,3.759999990463257,129800
2025-03-06,3.8299999237060547,61600
2025-03-07,3.859999895095825,46000
2025-03-10,3.700000047683716,51700
2025-03-11,3.6600000858306885,118200
2025-03-12,3.819999933242798,52400
2025-03-13,3.630000114440918,108700
2025-03-14,3.5899999141693115,54200
2025-03-17,3.700000047683716,36300
2025-03-18,3.6449999809265137,26700
2025-03-19,3.799999952316284,58800
2025-03-20,4.090000152587891,42000
2025-03-21,3.9600000381469727,129600
2025-03-24,3.944999933242798,61200
2025-03-25,4.0,44900
2025-03-26,4.139999866485596,63400
2025-03-27,4.349999904632568,200400
2025-03-28,4.349999904632568,96900
2025-03-31,4.300000190734863,72200
2025-04-01,4.25,107400
2025-04-02,4.159999847412109,58100
2025-04-03,4.110000133514404,125600
2025-04-04,3.7799999713897705,124900
2025-04-07,3.740000009536743,64200
2025-04-08,3.609999895095825,59800
2025-04-09,3.680000066757202,194000
2025-04-10,3.6600000858306885,65600
2025-04-11,3.799999952316284,72000
2025-04-14,4.019999980926514,38000
2025-04-15,4.329999923706055,135100
2025-04-16,4.179999828338623,77900
2025-04-17,4.239999771118164,61100
2025-04-21,4.070000171661377,93500
2025-04-22,4.159999847412109,139700
2025-04-23,4.25,104600
2025-04-24,4.340000152587891,78900
2025-04-25,4.300000190734863,115500
2025-04-28,4.349999904632568,111000
2025-04-29,4.179999828338623,256700
2025-04-30,4.210000038146973,124400
2025-05-01,4.300000190734863,28200
2025-05-02,4.320000171661377,39100
2025-05-05,4.074999809265137,54100
2025-05-06,4.050000190734863,173400
2025-05-07,3.940000057220459,97800
2025-05-08,4.090000152587891,52500
2025-05-09,4.010000228881836,171300
2025-05-12,3.9800000190734863,42200
2025-05-13,3.9100000858306885,171300
2025-05-14,4.25,526600
2025-05-15,3.865000009536743,147400
2025-05-16,3.819999933242798,111000
2025-05-19,3.809999942779541,59300
2025-05-20,3.619999885559082,2111400
2025-05-21,3.3299999237060547,286100
2025-05-22,3.5299999713897705,201900
2025-05-23,3.6600000858306885,162100
2025-05-27,3.6700000762939453,147900
2025-05-28,4.0,286400
2025-05-29,3.990000009536743,101400
2025-05-30,3.9200000762939453,91500
2025-06-02,3.9800000190734863,108700
2025-06-03,3.9800000190734863,63600
2025-06-04,4.239999771118164,85200
2025-06-05,4.244999885559082,60300
2025-06-06,4.360000133514404,80500
2025-06-09,4.539999961853027,75600
2025-06-10,4.949999809265137,282400
2025-06-11,4.630000114440918,147100
2025-06-12,4.400000095367432,183600
2025-06-13,4.199999809265137,66700
2025-06-16,4.510000228881836,155100
2025-06-17,4.449999809265137,102900
2025-06-18,4.449999809265137,147600
2025-06-20,4.139999866485596,152400
2025-06-23,4.039999961853027,161900
2025-06-24,4.079999923706055,86300
2025-06-25,4.110000133514404,78600
2025-06-26,4.099999904632568,97900
2025-06-27,4.050000190734863,48600
2025-06-30,4.070000171661377,47400
2025-07-01,4.139999866485596,59200
2025-07-02,4.340000152587891,51900
2025-07-03,4.28000020980835,40400
2025-07-07,4.420000076293945,115300
2025-07-08,4.510000228881836,103200
2025-07-09,4.53000020980835,75400
2025-07-10,4.429999828338623,32900
2025-07-11,4.349999904632568,81500
2025-07-14,4.730000019073486,187200
2025-07-15,4.519999980926514,82000
2025-07-16,4.71999979019165,98000
2025-07-17,4.809999942779541,120700
2025-07-18,5.170000076293945,154600
2025-07-21,5.659999847412109,272900
2025-07-22,5.730000019073486,241300
2025-07-23,5.570000171661377,114100
2025-07-24,5.369999885559082,112300
2025-07-25,5.5,57800
2025-07-28,5.21999979019165,55000
2025-07-29,5.159999847412109,258600
2025-07-30,5.190000057220459,94800
2025-07-31,5.179999828338623,60900
2025-08-01,5.099999904632568,64100
2025-08-04,5.610000133514404,163000
2025-08-05,5.420000076293945,62300
2025-08-06,4.519999980926514,409000
2025-08-07,4.210000038146973,121000
2025-08-08,4.170000076293945,162100
2025-08-11,4.050000190734863,92500
2025-08-12,4.090000152587891,167600
2025-08-13,3.680000066757202,473200
2025-08-14,4.130000114440918,369300
2025-08-15,4.039999961853027,115800
2025-08-18,4.159999847412109,65700
2025-08-19,3.759999990463257,175900
2025-08-20,3.9000000953674316,77000
2025-08-21,3.990000009536743,137700
2025-08-22,4.190000057220459,133700
2025-08-25,4.204999923706055,106000
2025-08-26,4.300000190734863,144000
2025-08-27,4.179999828338623,77200
2025-08-28,3.940000057220459,240500
2025-08-29,3.990000009536743,79600
2025-09-02,3.7300000190734863,173700
2025-09-03,3.700000047683716,176500
2025-09-04,3.7899999618530273,72700
2025-09-05,3.9000000953674316,147100
2025-09-08,3.75,96100
2025-09-09,3.859999895095825,89000
2025-09-10,3.8399999141693115,110800
2025-09-11,3.930000066757202,152300
2025-09-12,3.950000047683716,78700
2025-09-15,3.9100000858306885,61000
2025-09-16,3.930000066757202,65100
2025-09-17,3.700000047683716,488900
2025-09-18,3.5199999809265137,295500
2025-09-19,3.5399999618530273,244000
2025-09-22,3.819999933242798,231600
2025-09-23,3.6500000953674316,123000
2025-09-24,3.8299999237060547,227300
2025-09-25,3.7899999618530273,60100
2025-09-26,3.809999942779541,92700
2025-09-29,3.890000104904175,103700
2025-09-30,3.9200000762939453,100100
2025-10-01,4.190000057220459,139800
2025-10-02,4.059999942779541,129800
2025-10-03,4.179999828338623,131500
2025-10-06,4.090000152587891,164400
2025-10-07,4.150000095367432,146000
2025-10-08,4.210000038146973,179800
2025-10-09,4.349999904632568,144700
2025-10-10,4.110000133514404,175900
2025-10-13,4.050000190734863,79400
2025-10-14,4.150000095367432,664300
2025-10-15,4.0,567500
2025-10-16,3.799999952316284,397500
2025-10-17,3.700000047683716,187100
2025-10-20,3.809999942779541,146700
2025-10-21,3.8499999046325684,120200
2025-10-22,3.6500000953674316,238900
2025-10-23,3.5799999237060547,350600
2025-10-24,3.859999895095825,372600
2025-10-27,3.759999990463257,180300
2025-10-28,3.640000104904175,667400
2025-10-29,3.559999942779541,117600
2025-10-30,3.609999895095825,119500
2025-10-31,3.7899999618530273,173500
2025-11-03,3.799999952316284,181900
2025-11-04,3.700000047683716,66000
2025-11-05,3.819999933242798,245400
2025-11-06,3.680000066757202,34800
2025-11-07,3.7300000190734863,55500
2025-11-10,3.630000114440918,198500
2025-11-11,3.6700000762939453,48200
2025-11-12,3.799999952316284,168800
2025-11-13,3.3299999237060547,381900
2025-11-14,3.490000009536743,225300
2025-11-17,3.3299999237060547,242200
2025-11-18,3.380000114440918,94200
2025-11-19,3.4200000762939453,44800
2025-11-20,3.4600000381469727,59300
2025-11-21,3.5299999713897705,100500
2025-11-24,3.5299999713897705,70700
2025-11-25,3.690000057220459,139700
2025-11-26,3.6700000762939453,87200
2025-11-28,3.7300000190734863,152800
2025-12-01,3.619999885559082,53900
2025-12-02,3.890000104904175,112200
2025-12-03,3.950000047683716,85000
2025-12-04,3.940000057220459,138200
2025-12-05,3.990000009536743,118100
2025-12-08,3.9200000762939453,93900
2025-12-09,3.9100000858306885,115100
2025-12-10,3.950000047683716,89000
2025-12-11,4.179999828338623,209900
2025-12-12,4.440000057220459,215100
2025-12-15,4.150000095367432,249000
2025-12-16,3.869999885559082,141500
2025-12-17,3.819999933242798,101100
2025-12-18,3.859999895095825,115600
2025-12-19,3.9700000286102295,128900
2025-12-22,4.179999828338623,148400
2025-12-23,4.059999942779541,100200
2025-12-24,4.039999961853027,56500
2025-12-26,4.179999828338623,155500
2025-12-29,4.079999923706055,75300
2025-12-30,4.199999809265137,192000
2025-12-31,4.340000152587891,115400
2026-01-02,4.380000114440918,121700
2026-01-05,4.75,273900
2026-01-06,4.679999828338623,270900
2026-01-07,4.96999979019165,190400
2026-01-08,5.079999923706055,618500
2026-01-09,4.630000114440918,438400
2026-01-12,4.869999885559082,269500
2026-01-13,4.920000076293945,99100
2026-01-14,4.960000038146973,62000
2026-01-15,5.440000057220459,351200
2026-01-16,5.610000133514404,206300
2026-01-20,5.900000095367432,570500
2026-01-21,5.53000020980835,346800
2026-01-22,5.369999885559082,328800
2026-01-23,4.880000114440918,562100
2026-01-26,5.039999961853027,537800
2026-01-27,5.889999866485596,478900
2026-01-28,5.909999847412109,496800
2026-01-29,5.71999979019165,243100
2026-01-30,5.739999771118164,190200
2026-02-02,6.110000133514404,234500
2026-02-03,6.230000019073486,249400
2026-02-04,6.25,265000
2026-02-05,6.489999771118164,919600
2026-02-06,7.699999809265137,535700
2026-02-09,7.21999979019165,590100
2026-02-10,6.820000171661377,276000
2026-02-11,6.570000171661377,451300
2026-02-12,6.21999979019165,309400
2026-02-13,6.0,256600
2026-02-17,5.820000171661377,385700
2026-02-18,6.230000019073486,268800
2026-02-19,6.050000190734863,268500
2026-02-20,5.889999866485596,207600
2026-02-23,6.090000152587891,325000
2026-02-24,6.340000152587891,307200
2026-02-25,6.809999942779541,436100
2026-02-26,6.489999771118164,393700
2026-02-27,6.269999980926514,348700
2026-03-02,6.539999961853027,277100
2026-03-03,6.309999942779541,301400
2026-03-04,6.71999979019165,260300
2026-03-05,6.559999942779541,311200
2026-03-06,6.429999828338623,348600
2026-03-09,6.849999904632568,417100
2026-03-10,7.869999885559082,493300
2026-03-11,8.510000228881836,644000
2026-03-12,9.119999885559082,688000
2026-03-13,8.6899995803833,540300
2026-03-16,10.720000267028809,2110500
2026-03-17,11.65999984741211,1179400
2026-03-18,8.039999961853027,2212900
2026-03-19,7.510000228881836,1118800
2026-03-20,7.380000114440918,1183800
2026-03-23,6.929999828338623,555500
2026-03-24,6.710000038146973,576400
2026-03-25,6.360000133514404,536100
2026-03-26,6.28000020980835,304000
2026-03-27,6.389999866485596,370700
2026-03-30,5.840000152587891,374100
2026-03-31,6.210000038146973,371300
2026-04-01,6.010000228881836,411500
2026-04-02,6.139999866485596,330300
2026-04-06,6.199999809265137,310600
2026-04-07,5.940000057220459,291400
2026-04-08,5.849999904632568,420400
2026-04-09,5.960000038146973,241300
2026-04-10,5.760000228881836,300200
2026-04-13,5.5,594900
2026-04-14,5.349999904632568,528100
2026-04-15,5.199999809265137,469900
2026-04-16,5.260000228881836,296500
2026-04-17,5.449999809265137,274000
2026-04-20,6.03000020980835,574000
2026-04-21,5.860000133514404,734300
2026-04-22,5.610000133514404,611700
2026-04-23,5.619999885559082,536900
2026-04-24,5.46999979019165,414200
2026-04-27,5.260000228881836,416400
2026-04-28,4.679999828338623,755500
2026-04-29,4.710000038146973,670500
2026-04-30,5.150000095367432,471400
2026-05-01,5.369999885559082,323400
2026-05-04,5.25,343900
2026-05-05,4.980000019073486,435100
2026-05-06,5.329999923706055,339000
2026-05-07,5.230000019073486,420100
2026-05-08,5.269999980926514,261600
2026-05-11,4.960000038146973,574500
2026-05-12,4.789999961853027,408500
2026-05-13,4.920000076293945,374600
2026-05-14,4.389999866485596,989000
2026-05-15,4.570000171661377,461400
2026-05-18,4.480000019073486,455400
2026-05-19,4.389999866485596,229900
2026-05-20,4.630000114440918,247800
2026-05-21,4.739999771118164,296400
2026-05-22,4.46999979019165,480700
2026-05-26,4.78000020980835,863000
2026-05-27,3.9600000381469727,1413000
2026-05-28,4.340000152587891,775400
2026-05-29,4.159999847412109,1040600
2026-06-01,3.5999999046325684,2189400
2026-06-02,4.03000020980835,4511300
2026-06-03,4.880000114440918,1125600
2026-06-04,4.800000190734863,611000
2026-06-05,4.494999885559082,364400
2026-06-08,4.53000020980835,207700
2026-06-09,4.650000095367432,423000
2026-06-10,4.889999866485596,315900
2026-06-11,5.090000152587891,294400
2026-06-12,4.880000114440918,179300
2026-06-15,4.929999828338623,247100
2026-06-16,4.739999771118164,632100
2026-06-17,5.119999885559082,720600
2026-06-18,4.989999771118164,506500
2026-06-22,4.940000057220459,230100
2026-06-23,4.829999923706055,222700
2026-06-24,4.809999942779541,247600
2026-06-25,4.760000228881836,187100
2026-06-26,4.960000038146973,334700
2026-06-29,5.320000171661377,416800
2026-06-30,5.46999979019165,345100
2026-07-01,5.889999866485596,397100
2026-07-02,5.380000114440918,375400
2026-07-06,5.300000190734863,217400
2026-07-07,5.090000152587891,471700
2026-07-08,4.840000152587891,834200
2026-07-09,4.949999809265137,190500
2026-07-10,4.909999847412109,276700
2026-07-13,4.679999828338623,346000
2026-07-14,4.710000038146973,205300
2026-07-15,4.590000152587891,210400
2026-07-16,4.429999828338623,323200
2026-07-17,4.539999961853027,237600
2026-07-20,4.559999942779541,221000
2026-07-21,4.775000095367432,115400
2026-07-22,4.840000152587891,111600
2026-07-23,4.840000152587891,107700
2026-07-24,4.639999866485596,78000
2026-07-27,4.519999980926514,150900
2026-07-28,4.53000020980835,238900
2026-07-29,4.525000095367432,125100
2026-07-30,4.760000228881836,124700
2026-07-31,4.789999961853027,60600
2026-08-03,4.829999923706055,135200
2026-08-04,4.900000095367432,233800
2026-08-05,4.940000057220459,131900
2026-08-06,5.050000190734863,96400
2026-08-07,5.340000152587891,217400
2026-08-10,5.25,124700
2026-08-11,5.199999809265137,91300
2026-08-12,5.210000038146973,85300
2026-08-13,4.989999771118164,240300
2026-08-14,5.090000152587891,207600
2026-08-17,5.210000038146973,97600
2026-08-18,5.199999809265137,103500
2026-08-19,5.269999980926514,163300
2026-08-20,5.329999923706055,131600
2026-08-21,5.550000190734863,230800
2026-08-24,5.679999828338623,279800
2026-08-25,5.869999885559082,165700
2026-08-26,5.400000095367432,157800
2026-08-27,5.440000057220459,150600
2026-08-28,5.324999809265137,108400
2026-08-31,5.170000076293945,202100
2026-09-01,5.110000133514404,70500
2026-09-02,5.150000095367432,83300
2026-09-03,5.21999979019165,82000
2026-09-04,5.099999904632568,107000
2026-09-08,5.190000057220459,76400
2026-09-09,5.210000038146973,72500
2026-09-10,5.170000076293945,117500
2026-09-11,5.019999980926514,99600
2026-09-14,5.170000076293945,101200
2026-09-15,5.110000133514404,58900
2026-09-16,5.090000152587891,76700
2026-09-17,5.150000095367432,124400
2026-09-18,5.239999771118164,83200
2026-09-21,5.230000019073486,75500
2026-09-22,5.144999980926514,78100
2026-09-23,4.980000019073486,118200
2026-09-24,5.059999942779541,82500
2026-09-25,4.829999923706055,147500
2026-09-28,4.820000171661377,171900
2026-09-29,4.90500020980835,66600
2026-09-30,4.949999809265137,66300
